Player,All_Star,Position,BC/FC,Height_No_Shoes,Height_Shoes,Wingspan,Standing_Reach,Vertical_Max,Vertical_Max_Reach,Vertical_No_Step,Vertical_No_Step_Reach,Weight,Reach_Height_Ratio,Wingspan_Height_Ratio,BMI,PTS,REB,AST,TPV
Dante Exum,0,PG,BC,77,78,82,103,35,138,32,135,196,1.32,1.05,23.5,2.7,1.5,2,8.8
Marcus Moore,0,SG,BC,76,77,81,102,30,132,25,127,202,1.32,1.05,24.6,3.3,2.5,0.3,6.4
DeAndre Liggins,0,SG,BC,77,78,83,104,31,135,27,131,202,1.33,1.06,24,5.8,3,2.1,13.6
Monte Morris,0,PG,BC,73,75,76,97,34,130,28,125,175,1.29,1.01,22.9,6.8,2.6,3.7,17.9
Kendall Marshall,0,PG,BC,75,76,78,96,37,133,31,127,198,1.26,1.03,24.6,7.2,2.3,8,28.0
Mikhail Torrance,0,PG,BC,76,77,79,102,32,134,23,125,207,1.32,1.03,25.2,8.5,2.1,2.9,17.3
Andy Rautins,0,SG,BC,76,77,79,100,31,131,24,124,192,1.3,1.03,23.2,8.8,2.6,2.7,17.6
Aaron Craft,0,PG,BC,73,74,74,95,32,127,29,124,192,1.28,1,25.5,8.9,3.3,4.7,23.0
Kadeem Allen,0,SG,BC,73,74,81,100,36,135,33,133,192,1.35,1.09,25.3,9.1,3.6,3.3,20.2
David Lighty,0,SG,BC,77,79,80,101,33,134,29,130,216,1.28,1.01,25.8,9.3,3.7,2.4,18.4
George De Paula,0,PG,BC,77,78,84,104,34,138,28,132,197,1.33,1.08,23.7,9.3,3.5,3.3,20.3
Danny Green,0,SG,BC,77,79,82,103,33,136,29,132,208,1.3,1.04,24.5,9.4,4.1,1.8,17.5
Lamar Patterson,0,SG,BC,76,77,83,101,33,134,28,129,226,1.31,1.08,27.5,9.5,3.9,2.9,20.0
Ricky Ledo,0,SG,BC,77,78,79,103,34,136,27,130,197,1.32,1.01,23.5,9.7,3.3,2,17.5
Willie Green,0,SG,BC,75,76,79,100,29,129,29,129,201,1.32,1.04,25.1,9.8,5.1,1.4,18.0
Darius Morris,0,PG,BC,75,77,80,102,32,134,25,127,190,1.32,1.04,23.6,9.9,2.9,4.8,23.8
Michael Frazier,0,SG,BC,76,76,80,102,35,137,24,126,199,1.34,1.05,24.4,9.9,3.5,1.1,15.8
Andrew Harrison,0,PG,BC,77,78,81,100,33,133,27,127,213,1.28,1.04,25.6,10.1,2.7,3.8,21.5
T.J. McConnell,0,PG,BC,73,74,74,97,32,128,26,123,188,1.31,1,25.1,10.2,3.9,5.4,26.5
Cory Joseph,0,PG,BC,74,75,78,99,35,134,28,127,186,1.32,1.04,23.9,10.4,3.6,3,20.8
Caris LeVert,0,SG,BC,78,79,82,101,36,137,32,133,191,1.28,1.04,22.2,10.4,3.5,2.7,20.0
Xavier Thames,0,PG,BC,74,76,76,96,33,129,29,125,187,1.26,1,23.8,10.7,2.6,2.8,19.7
Jon Diebler,0,SG,BC,77,79,78,99,35,134,28,127,197,1.25,0.99,23.2,10.7,2.8,1.9,17.8
Myck Kabongo,0,PG,BC,73,75,78,98,34,132,28,126,180,1.31,1.04,23.6,10.8,3.5,5.3,26.5
Tyshawn Taylor,0,PG,BC,75,76,78,98,37,134,32,130,177,1.29,1.03,22.3,10.8,2.2,3.9,22.0
Isaiah Briscoe,0,SG,BC,73,75,81,100,34,133,28,128,222,1.33,1.08,29.1,10.9,5.4,3.7,24.7
Quinn Cook,0,PG,BC,72,74,76,97,31,128,25,121,179,1.31,1.03,24.1,11,2.7,3.6,22.0
Jordan Taylor,0,PG,BC,73,74,75,93,37,129,33,126,193,1.26,1.01,25.5,11.3,3,3.4,22.1
Tyler Ulis,0,PG,BC,69,70,74,89,38,127,33,121,149,1.27,1.06,22.2,11.3,2.4,5.3,25.9
Edmond Sumner,0,PG,BC,76,78,81,103,30,133,24,127,176,1.32,1.04,21.4,11.4,3.5,3.8,23.6
Denzel Valentine,0,SG,BC,76,78,83,102,32,134,27,129,210,1.31,1.06,25.6,11.4,5.9,4.4,27.3
Darren Collison,0,PG,BC,72,74,75,97,34,130,31,127,166,1.31,1.01,22.4,11.5,2.3,4.1,23.2
Derrick Walton,0,PG,BC,71,73,75,95,33,128,26,121,189,1.3,1.03,26.4,11.6,4.4,3.9,24.9
Wade Baldwin,0,PG,BC,75,76,83,100,38,138,33,133,202,1.32,1.09,25.6,11.6,4.1,4.8,26.7
Lorenzo Brown,0,PG,BC,76,77,79,100,34,134,28,128,189,1.3,1.03,23,11.6,4.2,5.8,29.1
Tyus Jones,0,PG,BC,72,74,77,97,33,130,27,124,185,1.31,1.04,24.9,11.8,3.5,5.6,28.2
Dennis Schroder,0,PG,BC,73,74,80,98,34,132,30,128,165,1.32,1.08,21.8,12,2.5,3.2,21.8
Andrew Jones,0,SG,BC,75,76,79,100,35,135,27,127,185,1.32,1.04,23.1,12,3.2,2.3,20.4
Peter Jok,0,SG,BC,76,78,80,102,31,133,27,129,202,1.31,1.03,24.4,12.1,3.2,1.5,18.7
Scott Machado,0,PG,BC,73,74,76,95,33,127,27,122,206,1.28,1.03,27.2,12.2,3.9,6.7,31.5
Gerald Henderson,0,SG,BC,76,77,82,103,35,138,32,134,215,1.34,1.06,26.2,12.3,4.2,1.8,20.5
Lance Stephenson,0,SG,BC,77,78,83,103,33,136,27,130,227,1.32,1.06,27.3,12.3,5.4,2.5,23.3
Demetri McCamey,0,PG,BC,74,75,78,100,33,133,27,127,204,1.33,1.04,26.4,12.4,3.1,5.3,27.7
Aaron Harrison,0,SG,BC,77,78,80,101,35,135,29,129,209,1.29,1.03,25.1,12.4,2.8,1.6,18.8
Nigel Hayes,0,SG,BC,78,79,87,108,29,136,26,133,245,1.37,1.1,28.1,12.4,5.3,2.1,22.4
Devyn Marble,0,SG,BC,77,79,81,102,35,137,29,131,192,1.29,1.03,22.8,12.5,3.4,2.9,22.5
Joe Harris,0,SG,BC,77,78,78,100,34,134,29,129,215,1.28,1,25.7,12.6,3.8,1.9,20.7
Jamel Artis,0,SG,BC,78,79,82,105,31,136,24,129,213,1.33,1.04,24.9,12.6,4.6,2.3,22.4
Tyler Ennis,0,PG,BC,73,75,79,98,36,134,29,127,182,1.31,1.05,24,12.9,3.4,5.5,28.9
A.J. Price,0,PG,BC,73,74,76,97,31,128,26,123,193,1.31,1.03,25.8,13,3.4,4.7,27.2
Spencer Dinwiddie,0,PG,BC,77,78,80,103,31,134,25,128,205,1.32,1.03,24.6,13,3.3,2.6,22.2
Kyle Wiltjer,0,PG,BC,81,82,84,103,36,138,29,131,243,1.26,1.02,26.2,13,4.6,1.3,20.5
Ty Lawson,0,PG,BC,71,73,73,95,37,131,29,124,197,1.3,1,27.3,13.1,2.9,5.8,29.4
Doron Lamb,0,SG,BC,75,77,79,99,34,132,29,128,199,1.29,1.03,24.7,13.1,2.3,1.6,19.0
Sherron Collins,0,PG,BC,70,72,75,94,33,127,28,122,217,1.31,1.04,30.9,13.2,2.4,3.9,24.6
Kendall Williams,0,PG,BC,74,76,78,99,33,132,27,126,183,1.3,1.03,23.3,13.2,3.4,4.5,26.9
Malcolm Brogdon,0,SG,BC,76,78,83,98,36,134,31,129,223,1.26,1.06,27.3,13.3,4.1,2.5,23.1
Jakob Poeltl,0,SG,BC,84,85,87,112,34,146,30,142,239,1.32,1.02,23.7,13.3,8,1.3,24.1
Nolan Smith,0,PG,BC,74,76,78,99,34,133,29,128,188,1.3,1.03,24.5,13.4,2.8,2.8,22.6
Treveon Graham,0,SG,BC,77,78,83,103,32,135,29,132,219,1.32,1.06,26.1,13.4,5.8,1.4,22.3
J'Covan Brown,0,SG,BC,73,74,77,96,30,126,26,122,202,1.3,1.04,26.6,13.4,2.6,2.8,22.4
David Graves,0,SG,BC,77,78,79,101,30,131,26,127,212,1.29,1.01,25.1,13.4,4.8,2.6,24.1
Erick Green,0,PG,BC,74,75,78,98,30,128,24,122,178,1.31,1.04,23.2,13.5,2.6,2.5,21.8
Terran Petteway,0,SG,BC,77,78,83,105,31,136,25,130,209,1.35,1.06,24.9,13.5,4,1.7,21.3
William Buford,0,SG,BC,76,77,82,102,33,135,28,130,215,1.32,1.06,26.2,13.7,4.6,2.5,23.9
Tu Holloway,0,SG,BC,71,72,78,95,35,130,28,123,187,1.32,1.08,26.4,13.7,3.2,4.1,26.3
Justin Jackson,0,SG,BC,79,80,83,104,35,138,30,133,193,1.3,1.04,21.7,13.8,4.1,2.7,24.0
Tyler Dorsey,0,SG,BC,75,77,77,100,36,136,31,130,183,1.3,1,22.9,14.1,3.9,1.8,22.0
Elfrid Payton,0,PG,BC,75,76,80,99,36,134,32,130,185,1.3,1.05,23.4,14.3,5.1,4.9,30.6
Russ Smith,0,SG,BC,72,73,76,95,34,129,30,125,160,1.3,1.04,22,14.3,2.7,2.8,23.4
Jon Scheyer,0,SG,BC,77,78,75,99,29,128,24,123,180,1.27,0.96,21.5,14.4,3.6,3.1,25.1
Jerian Grant,0,PG,BC,75,76,80,100,30,130,24,124,198,1.32,1.05,24.6,14.5,2.9,5.8,30.8
Jordan Hamilton,0,SG,BC,79,81,82,104,32,136,25,129,228,1.28,1.01,25.8,14.5,5.7,1.8,24.2
Sindarius Thornwell,0,SG,BC,76,77,82,103,31,134,27,130,212,1.34,1.06,26.1,14.7,5.2,3,26.7
Seth Curry,0,SG,BC,73,75,76,98,34,132,30,128,179,1.31,1.01,23.6,14.9,2.8,2.1,22.5
Eric Maynor,0,PG,BC,74,75,75,97,32,129,29,126,164,1.29,1,20.9,15,3.4,5.2,30.4
Delon Wright,0,PG,BC,76,78,80,102,31,133,30,131,181,1.31,1.03,21.9,15,5.8,5.2,32.7
Willie Warren,0,SG,BC,75,76,78,100,32,131,23,123,208,1.32,1.03,26.3,15.2,2.6,3.5,25.8
B.J. Young,0,SG,BC,74,76,80,99,36,135,32,131,179,1.3,1.05,22.8,15.2,3.3,2.8,24.9
Will Barton,0,SG,BC,77,78,82,103,34,137,30,133,174,1.32,1.05,20.6,15.2,6.5,2.9,28.2
Jerel McNeal,0,PG,BC,74,75,79,100,37,136,32,131,190,1.33,1.05,24.7,15.3,4.7,3.5,28.0
E'Twaun Moore,0,SG,BC,75,76,82,100,35,134,32,132,191,1.32,1.08,24.2,15.3,4.4,2.9,26.3
Sean Kilpatrick,0,SG,BC,75,76,79,99,36,135,32,131,219,1.3,1.04,27.7,15.3,4.3,2,24.1
Nigel Williams-Goss,0,PG,BC,74,75,79,99,35,134,28,127,190,1.32,1.05,24.7,15.4,5.1,5,31.9
Jordan Crawford,0,SG,BC,75,77,79,101,35,136,32,133,198,1.31,1.03,24.7,15.5,4.1,2.6,25.5
Luke Kennard,0,SG,BC,77,78,77,99,34,133,30,129,196,1.27,0.99,23.5,15.7,4.3,2,24.5
Corey Hawkins,0,SG,BC,73,74,80,100,34,134,29,128,192,1.35,1.08,25.5,15.8,4.3,2.7,26.2
Kentavious Caldwell-Pope,0,SG,BC,77,78,80,101,35,135,29,130,204,1.29,1.03,24.5,15.8,6.1,1.5,25.2
Isaiah Whitehead,0,SG,BC,75,77,81,100,36,136,28,128,210,1.3,1.05,26.1,15.8,3.7,4.5,29.8
Julius Hodge,0,SG,BC,78,79,85,108,29,137,25,133,202,1.37,1.08,23.3,15.8,6,3.5,29.7
Greivis Vasquez,0,PG,BC,77,78,79,101,28,129,25,126,197,1.29,1.01,23.5,16,4.8,5.7,33.9
Tony Wroten,0,PG,BC,77,78,81,101,36,137,30,131,203,1.29,1.04,24.2,16,5,3.7,29.4
Semaj Christon,0,PG,BC,74,75,79,99,37,136,31,130,186,1.32,1.05,24.2,16.2,2.8,4.4,29.1
Patrick Mills,0,PG,BC,71,73,74,95,33,128,28,123,175,1.3,1.01,24.2,16.4,2.2,3.7,27.1
Jordan Adams,0,SG,BC,76,77,82,102,30,132,25,127,209,1.32,1.06,25.8,16.4,4.6,2.1,25.7
Jawun Evans,0,PG,BC,71,72,78,95,34,129,28,123,185,1.32,1.08,26,16.6,3.8,5.8,33.7
Marcus Smart,0,SG,BC,74,75,81,99,36,135,33,132,227,1.32,1.08,29.1,16.6,5.9,4.5,32.7
Pierre Jackson,0,PG,BC,70,71,70,90,31,121,24,114,176,1.27,0.99,25.6,16.7,3.3,6.5,35.0
Toney Douglas,0,PG,BC,73,74,78,98,33,130,28,126,183,1.32,1.05,24.1,16.8,3.8,2.6,26.5
Trey Burke,0,PG,BC,72,73,78,98,37,134,30,127,187,1.34,1.07,25.5,16.9,3.3,5.7,33.3
Jack McClinton,0,SG,BC,72,73,75,96,37,133,30,126,185,1.32,1.03,25.3,16.9,3.2,2.6,26.0
Sylven Landesberg,0,SG,BC,77,78,81,101,32,133,28,129,210,1.29,1.04,25.1,16.9,5.5,2.8,28.7
Jabari Brown,0,SG,BC,75,76,80,100,32,132,28,128,202,1.32,1.05,25.2,17,3.9,1.7,24.7
Marcus Thornton,0,SG,BC,75,76,77,99,33,132,31,130,194,1.3,1.01,24.4,17.1,2.6,2.4,25.2
LaceDarius Dunn,0,SG,BC,75,76,78,101,31,132,27,128,188,1.33,1.03,23.5,17.1,4.4,1.3,24.4
Brandon Knight,0,PG,BC,74,75,79,99,38,136,29,128,177,1.32,1.05,23,17.3,4,4.2,30.9
Olivier Hanlan,0,SG,BC,75,76,79,100,34,134,28,128,186,1.32,1.04,23.1,17.8,3.9,3.1,28.8
Rashad Vaughn,0,SG,BC,76,77,79,101,34,135,28,129,199,1.31,1.03,24.4,17.8,4.8,1.6,26.2
A.J. English,0,PG,BC,74,75,82,99,36,134,30,128,182,1.32,1.09,23.4,17.9,4.3,4.6,32.7
Derrick White,0,PG,BC,75,77,80,102,37,138,36,137,190,1.32,1.04,23.6,18.1,4.1,4.4,32.3
Dedric Lawson,0,SG,BC,79,80,87,107,28,135,23,129,225,1.34,1.09,25.3,18.2,9.9,2.5,33.6
Andrew Goudelock,0,SG,BC,73,75,76,97,37,134,33,129,198,1.29,1.01,25.9,18.4,3.3,3,28.6
R.J. Hunter,0,SG,BC,77,78,83,104,34,138,28,132,185,1.33,1.06,22.2,18.4,4.8,2.4,28.6
Cameron Payne,0,PG,BC,73,74,79,98,36,133,30,128,183,1.32,1.07,24.3,18.5,3.7,5.7,35.3
Nate Wolters,0,PG,BC,76,77,76,98,30,128,24,122,196,1.27,0.99,24.2,18.5,4.7,5.3,35.3
Tyler Harvey,0,SG,BC,75,76,78,99,29,127,26,125,181,1.3,1.03,22.8,18.6,3.5,2.3,27.3
Jimmer Fredette,0,SG,BC,73,75,77,97,33,130,28,125,196,1.29,1.03,26,18.7,2.6,3.7,29.8
Dominique Jones,0,SG,BC,75,77,81,101,33,134,26,127,216,1.31,1.05,26.8,18.9,5.4,3.5,32.2
Charles Jenkins,0,PG,BC,74,75,80,97,34,131,30,126,216,1.29,1.07,28.1,19.6,4.3,3.8,32.6
Jrue Holiday,1,PG,BC,75,76,79,101,34,135,29,129,199,1.33,1.04,24.7,8.5,3.8,3.7,20.8
Zach LaVine,1,SG,BC,77,78,80,100,42,142,34,134,181,1.28,1.03,21.7,9.4,2.5,1.8,16.0
Andre Iguodala,1,SG,BC,77,78,83,103,36,139,30,133,215,1.32,1.06,25.5,9.6,6.6,3.4,23.9
Rajon Rondo,1,PG,BC,72,73,81,99,34,133,28,127,171,1.36,1.11,23.2,9.6,4.5,4.2,23.7
Goran Dragic,1,PG,BC,75,76,78,99,34,133,28,127,190,1.3,1.03,23.7,9.9,2.9,3.1,19.9
Devin Booker,1,PG,BC,77,78,80,103,35,137,28,130,206,1.32,1.03,24.7,10,2,1.1,14.5
Tyrese Haliburton,1,PG,BC,76,77,81,102,38,140,32,134,175,1.32,1.05,21.3,10.1,4.4,4.7,25.3
Victor Oladipo,1,SG,BC,75,76,81,101,42,143,33,134,213,1.33,1.07,26.4,10.7,5.2,1.7,19.7
Jeff Hornacek,1,SG,BC,74,75,78,99,32,131,26,125,195,1.32,1.04,25,10.7,3.3,5.4,26.4
Victor Oladipo,1,SG,BC,75,76,81,101,42,143,33,134,210,1.33,1.07,26.2,10.7,5.2,1.7,19.7
Mike Conley,1,PG,BC,72,73,77,95,41,136,36,131,175,1.3,1.05,23.7,11.3,3.4,6.1,28.7
Donovan Mitchell,1,PG,BC,73,75,82,97,41,138,37,134,211,1.29,1.09,27.6,11.7,4.1,2.2,20.8
Jimmy Butler,1,SG,BC,78,80,80,102,39,141,32,134,222,1.28,1,25.7,12,5.5,1.7,21.3
Vince Carter,1,SG,BC,77,78,81,102,43,145,38,140,215,1.31,1.04,25.5,12.3,4.5,1.9,21.1
Alvin Robertson,1,SG,BC,75,76,79,100,38,138,32,132,165,1.32,1.04,20.6,12.5,4.3,3.9,25.7
Russell Westbrook,1,PG,BC,74,75,79,99,37,136,31,130,190,1.32,1.05,24.4,12.7,3.9,4.3,26.4
Reggie Theus,1,SG,BC,78,79,82,104,38,142,32,136,195,1.32,1.04,22.5,12.9,4.3,4.4,27.3
Brian Winters,1,SG,BC,75,76,81,101,32,133,26,127,185,1.33,1.07,23.1,13.2,4,2.3,22.4
Deron Williams,1,PG,BC,74,75,78,99,38,137,32,131,209,1.32,1.04,26.8,13.3,3.4,6.5,31.7
Latrell Sprewell,1,SG,BC,76,77,80,101,38,139,32,133,186,1.31,1.04,22.6,13.5,5.1,2,23.1
Phil Chenier,1,SG,BC,76,77,79,100,32,132,26,126,180,1.3,1.03,21.9,13.5,5.9,6.1,33.4
Baron Davis,1,PG,BC,74,75,77,98,40,138,34,132,195,1.31,1.03,25,13.6,3.8,5.1,29.1
Doc Rivers,1,PG,BC,75,76,79,100,30,130,24,124,185,1.32,1.04,23.1,13.9,3.3,4.6,27.8
Tyrese Maxey,1,SG,BC,73,74,77,97,41,138,35,132,200,1.31,1.04,26.4,14,4.3,3.2,25.6
Kevin Johnson,1,PG,BC,72,73,76,96,42,138,36,132,185,1.32,1.04,25.1,14,3.6,4.4,27.7
Kyle Korver,1,SG,BC,78,79,81,103,34,137,28,131,212,1.3,1.03,24.5,14.1,5.2,2.3,24.5
Brandon Roy,1,SG,BC,77,78,81,102,38,140,32,134,211,1.31,1.04,25,14.3,5,3,26.1
Clyde Drexler,1,SG,BC,78,79,82,103,41,144,35,138,210,1.3,1.04,24.3,14.4,9.9,3.2,31.4
Shai Gilgeous-Alexander,1,SG,BC,77,78,83,103,38,141,32,135,180,1.32,1.06,21.3,14.4,4.1,5.1,30.2
Jalen Brunson,1,PG,BC,73,74,76,96,37,133,34,130,185,1.3,1.03,24.4,14.4,2.5,3.7,25.4
Jaylen Brown,1,SG,BC,77,79,84,103,38,141,32,135,223,1.3,1.06,26.3,14.6,5.4,2,24.5
John Havlicek,1,SG,BC,76,77,80,101,34,135,28,129,205,1.31,1.04,25,14.6,8.6,4.3,32.9
Bradley Beal,1,SG,BC,75,77,80,100,39,139,33,133,202,1.3,1.04,25.1,14.8,6.7,2.2,26.4
Devin Harris,1,PG,BC,74,75,79,99,38,137,32,131,192,1.32,1.05,24.6,14.8,4.1,3.1,26.0
Derrick Rose,1,PG,BC,74,75,80,98,40,138,35,133,196,1.31,1.07,25.5,14.9,4.5,4.7,30.2
Steve Nash,1,PG,BC,74,75,78,99,32,131,26,125,195,1.32,1.04,25,14.9,3.1,4.5,28.3
Chris Paul,1,PG,BC,72,73,76,93,38,131,32,125,175,1.27,1.04,23.7,15,3.9,6.3,33.4
Rolando Blackman,1,SG,BC,77,78,81,102,34,136,28,130,190,1.31,1.04,22.5,15.2,5,2.6,26.1
Manu Ginobili,1,SG,BC,77,78,81,102,35,137,30,132,205,1.31,1.04,24.3,15.2,4.1,2,23.8
Kelly Tripucka,1,SG,BC,77,78,80,102,32,134,27,129,220,1.31,1.03,26.1,15.3,5.4,1.9,24.9
John Starks,1,PG,BC,74,75,78,99,38,137,32,131,180,1.32,1.04,23.1,15.4,4.7,4.6,30.6
Dennis Johnson,1,SG,BC,75,76,79,100,36,136,30,130,185,1.32,1.04,23.1,15.7,5.8,2.4,26.9
Gilbert Arenas,1,SG,BC,75,76,81,101,38,139,32,133,191,1.33,1.07,23.9,15.8,3.8,2.2,24.6
Eddie Jones,1,SG,BC,75,76,81,101,36,137,30,131,190,1.33,1.07,23.7,16,6.1,1.6,25.6
Kemba Walker,1,PG,BC,72,73,76,92,40,131,32,124,184,1.26,1.04,25.3,16.1,4.4,4.1,29.9
Dejounte Murray,1,PG,BC,75,76,82,102,42,144,36,138,180,1.34,1.08,22.5,16.1,6,4.4,32.1
Fat Lever,1,PG,BC,74,75,80,100,36,136,30,130,170,1.33,1.07,21.8,16.3,5.4,3.9,30.6
Isaiah Thomas,1,PG,BC,69,70,74,92,40,132,32,123,186,1.31,1.06,27.7,16.4,3.5,4,29.1
Jeff Teague,1,PG,BC,72,74,80,99,37,135,31,129,175,1.34,1.08,23.6,16.4,3,3,26.3
Paul Westphal,1,SG,BC,76,77,79,100,34,134,28,128,195,1.3,1.03,23.7,16.4,3.4,3,26.6
John Wall,1,PG,BC,75,76,81,102,39,141,30,132,196,1.34,1.07,24.7,16.6,4.3,6.5,35.8
De'Aaron Fox,1,PG,BC,74,75,79,100,39,139,34,134,169.6,1.33,1.05,21.8,16.7,4,4.6,31.2
Sidney Moncrief,1,SG,BC,74,75,78,99,38,137,32,131,180,1.32,1.04,23.1,16.9,8.3,2,29.6
Lionel Hollins,1,PG,BC,74,75,79,99,34,133,28,127,185,1.32,1.05,23.8,17,3.3,4.2,29.9
Steve Francis,1,PG,BC,74,75,78,99,43,142,38,137,195,1.32,1.04,25,17,4.5,4.5,31.8
Magic Johnson,1,PG,BC,80,81,84,106,30,136,26,132,215,1.31,1.04,23.6,17.1,7.6,7.9,42.8
Reggie Miller,1,SG,BC,78,79,84,105,34,139,28,133,210,1.33,1.06,24.3,17.2,4.2,2,25.9
LaMelo Ball,1,PG,BC,78,79,82,104,38,142,32,136,180,1.32,1.04,20.8,17.2,7.4,6.8,40.1
Norm Nixon,1,PG,BC,73,74,79,98,34,132,28,126,170,1.32,1.07,22.4,17.4,4,6,35.2
Dale Ellis,1,SG,BC,78,79,82,104,34,138,28,132,205,1.32,1.04,23.7,17.5,5.8,0.9,25.2
Kyrie Irving,1,PG,BC,74,75,76,99,34,133,29,128,190,1.32,1.01,24.4,17.5,3.4,4.3,30.8
Wally Szczerbiak,1,SG,BC,78,79,82,104,32,136,26,130,244,1.32,1.04,28.2,17.6,6.3,2.2,28.8
Sam Jones,1,SG,BC,73,74,79,98,34,132,28,126,198,1.32,1.07,26.1,17.7,9.1,3.1,33.7
Michael Jordan,1,SG,BC,77,78,83,105,43,148,38,143,195,1.35,1.06,23.4,17.7,5,1.8,26.7
Walt Frazier,1,PG,BC,74,75,79,99,36,135,30,129,200,1.32,1.05,25.7,17.7,10.5,5.9,41.5
Sleepy Floyd,1,PG,BC,74,75,78,99,34,133,28,127,170,1.32,1.04,21.8,17.7,3.7,2.7,27.5
Klay Thompson,1,SG,BC,78,79,81,104,32,135,27,130,206,1.32,1.03,24,17.9,4.8,2.6,28.6
Jim Paxson,1,SG,BC,77,78,80,102,30,132,26,128,200,1.31,1.03,23.7,18,4.5,4.9,33.7
Gary Payton,1,PG,BC,75,76,79,100,40,140,34,134,180,1.32,1.04,22.5,18.1,4,7.8,40.1
Sam Cassell,1,PG,BC,74,75,78,99,32,131,26,125,185,1.32,1.04,23.8,18.3,4.4,4.4,32.8
Geoff Petrie,1,SG,BC,75,76,78,99,34,133,28,127,190,1.3,1.03,23.7,18.3,5.4,3.9,32.6
Steve Smith,1,SG,BC,79,80,82,104,36,140,30,134,200,1.3,1.03,22.5,18.5,6.1,3.7,33.0
Chauncey Billups,1,PG,BC,74,75,78,99,34,133,28,127,202,1.32,1.04,25.9,18.5,5.6,5.1,35.7
Damian Lillard,1,PG,BC,74,75,80,96,40,135,35,130,189,1.28,1.07,24.4,18.6,4.3,3.5,30.9
Ja Morant,1,PG,BC,74,75,79,99,42,141,36,135,175,1.32,1.05,22.5,18.7,6.1,8.2,43.6
Stephon Marbury,1,PG,BC,74,75,76,97,40,137,35,132,190,1.29,1.01,24.4,18.9,3.1,4.5,32.3
James Harden,1,SG,BC,76,77,83,104,37,141,32,135,222,1.35,1.08,27,19,5.4,3.7,32.8
Ray Allen,1,SG,BC,76,77,80,101,34,135,28,129,205,1.31,1.04,25,19,6,2.4,30.4
Anthony Edwards,1,SG,BC,76,77,81,100,41,141,36,136,220,1.3,1.05,26.8,19.1,5.2,2.8,30.6
D'Angelo Russell,1,PG,BC,75,77,82,102,35,137,28,130,193,1.32,1.06,24,19.3,5.7,5,36.4
Hal Greer,1,SG,BC,75,76,77,99,34,133,28,127,175,1.3,1.01,21.9,19.4,10.8,3.3,37.5
Jeff Malone,1,SG,BC,75,76,81,101,34,135,28,129,205,1.33,1.07,25.6,19.5,3.8,1.5,26.7
Michael Redd,1,SG,BC,77,78,81,102,36,138,30,132,220,1.31,1.04,26.1,19.6,6.2,2.5,31.4
Don Ohl,1,SG,BC,74,75,80,100,32,132,26,126,195,1.33,1.07,25,19.6,6.4,5.8,39.2
Dwyane Wade,1,SG,BC,75,76,83,102,35,137,32,134,212,1.34,1.09,26.5,19.7,6.5,3.9,35.0
Terry Porter,1,PG,BC,74,75,78,99,34,133,28,127,195,1.32,1.04,25,19.7,5.2,4.3,34.7
Richard Hamilton,1,SG,BC,77,78,81,102,35,137,29,131,185,1.31,1.04,21.9,19.8,4.5,2.6,30.2
Penny Hardaway,1,PG,BC,78,79,82,104,38,142,32,136,200,1.32,1.04,23.1,20,7.7,5.9,41.1
Tony Parker,1,PG,BC,73,74,78,98,34,132,29,127,185,1.32,1.05,24.4,20,4,7,40.1
Lou Hudson,1,SG,BC,76,77,80,101,36,137,30,131,220,1.31,1.04,26.8,20.4,8.9,4.2,38.8
Micheal Ray Richardson,1,PG,BC,76,77,80,101,40,141,34,135,189,1.31,1.04,23,20.5,7.3,3.7,36.1
Mitch Richmond,1,SG,BC,76,77,80,101,38,139,32,133,220,1.31,1.04,26.8,20.7,6,3.2,33.9
Dominique Wilkins,1,SG,BC,78,79,82,104,42,146,37,141,200,1.32,1.04,23.1,21.6,7.5,1.5,32.3
Allan Houston,1,SG,BC,77,78,81,102,32,134,28,130,200,1.31,1.04,23.7,21.9,4,3.6,34.1
Billy Knight,1,SG,BC,77,78,82,103,34,137,28,131,195,1.32,1.05,23.1,22.2,12,2.6,39.8
Reggie Lewis,1,SG,BC,78,79,80,102,36,138,30,132,195,1.29,1.01,22.5,22.2,7.9,1.7,33.8
Joe Dumars,1,SG,BC,74,75,78,99,34,133,28,127,190,1.32,1.04,24.4,22.5,4.2,2.8,33.1
Fred Brown,1,PG,BC,74,75,76,97,35,132,31,128,193,1.29,1.01,24.8,22.7,4.2,3.4,34.6
Allen Iverson,1,PG,BC,71,72,75,95,41,136,37,132,175,1.32,1.04,24.4,23,3.6,4.6,37.2
Kenny Anderson,1,PG,BC,72,73,75,95,36,131,32,127,168,1.3,1.03,22.8,23,5.6,7,44.7
World B. Free,1,PG,BC,73,74,77,97,44,141,37,134,180,1.31,1.04,23.7,23.6,6.5,3.6,38.2
Dick Barnett,1,SG,BC,77,78,79,101,32,133,26,127,190,1.29,1.01,22.5,23.6,11.6,2.8,41.3
Joe Johnson,1,SG,BC,78,79,81,103,36,139,30,133,240,1.3,1.03,27.7,23.9,10.4,3.2,41.4
Hersey Hawkins,1,SG,BC,74,75,78,99,34,133,28,127,190,1.32,1.04,24.4,24.1,6.5,3.2,37.8
Otis Birdsong,1,SG,BC,74,75,76,97,37,134,31,128,190,1.29,1.01,24.4,24.4,4.9,3.1,36.3
Dave Bing,1,PG,BC,72,73,78,97,34,131,30,127,190,1.33,1.07,25.8,24.8,10.3,3.5,42.9
Jimmy Walker,1,SG,BC,75,76,79,100,34,134,28,128,195,1.32,1.04,24.4,25.2,6.3,5.3,43.6
Stephen Curry,1,PG,BC,74,75,76,97,36,133,30,127,181,1.29,1.01,23.2,25.3,4.5,3.7,38.2
Earl Monroe,1,PG,BC,74,75,78,99,36,135,30,129,220,1.32,1.04,28.2,26.7,6.9,5.5,46.1
George Gervin,1,SG,BC,78,79,82,103,38,141,32,135,180,1.3,1.04,20.8,26.8,14.4,3.3,48.4
David Thompson,1,SG,BC,75,76,79,100,42,142,36,136,185,1.32,1.04,23.1,26.8,8.1,3.8,43.4
Cazzie Russell,1,SG,BC,76,77,81,102,34,136,28,130,218,1.32,1.05,26.5,27.1,8.5,4.3,45.3
Trae Young,1,PG,BC,72,73,75,95,36,131,31,126,164,1.3,1.03,22.2,27.4,3.9,8.7,51.4
Jerry West,1,PG,BC,74,75,81,100,36,136,32,132,175,1.33,1.08,22.5,28,14.4,3.4,49.8
Doug Collins,1,SG,BC,77,78,81,102,32,134,26,128,180,1.31,1.04,21.3,29.1,5.5,2.9,41.1
Kobe Bryant,1,SG,BC,77,78,83,107,38,145,33,140,200,1.37,1.06,24,30.8,12,6.5,57.5
Oscar Robertson,1,PG,BC,76,77,80,101,38,139,32,133,205,1.31,1.04,25,33.8,15.2,7.1,65.0
Austin Carr,1,SG,BC,75,76,79,100,34,134,28,128,190,1.32,1.04,23.7,34.6,7.3,3.3,49.3
Pete Maravich,1,SG,BC,76,77,80,101,36,137,32,133,251,1.31,1.04,30.5,44.2,6.4,5.1,62.2
Ales Chan,0,C,FC,84,85,86,113,29,142,21,134,255,1.33,1.01,25.4,1.3,1.7,0.1,3.2
Frans Steyn,0,C,FC,85,86,89,112,30,142,29,141,289,1.3,1.03,28.1,1.5,1.4,0.1,3.1
Jackie Butler,0,C,FC,80,81,86,109,25,134,23,132,263,1.35,1.06,28.9,1.5,1.5,2.5,8.8
James Anderson,0,SF,FC,77,78,81,104,36,140,30,134,208,1.33,1.04,24.8,1.6,1.3,0.2,3.3
Peter Ramos,0,C,FC,86,87,90,112,27,139,24,136,266,1.29,1.03,25.3,1.8,0.7,0,2.5
Enes Freedom,0,C,FC,82,83,86,110,33,142,26,136,259,1.33,1.04,27.2,2,1.5,0,3.5
Cheick Diallo,0,C,FC,80,81,89,108,35,143,31,139,219,1.33,1.1,24.4,3,2.5,0,5.4
Daniel Orton,0,C,FC,81,82,88,111,31,141,24,135,269,1.35,1.07,29,3.4,3.3,0.4,7.5
Tom Timmerrmans,0,PF,FC,83,83,84,108,27,135,23,131,239,1.3,1.01,24.4,3.4,2.7,0.6,7.4
Harry Giles,0,PF,FC,81,83,87,110,33,142,27,137,232,1.33,1.05,24.7,3.9,3.8,0.3,8.3
Ike Anigbogu,0,C,FC,81,82,90,111,33,143,30,140,252,1.35,1.1,27.3,4.7,4,0.2,9.0
Chris Garnett,0,C,FC,80,81,85,108,32,140,27,135,260,1.33,1.05,28.6,4.8,4,0.4,9.6
Fab Melo,0,C,FC,83,84,87,110,31,141,30,140,255,1.31,1.04,26.2,4.9,3.8,0.5,9.7
Henry Sims,0,C,FC,82,84,88,108,30,138,27,135,241,1.29,1.05,25.2,4.9,3.2,1.4,11.2
Norvel Pelle,0,C,FC,82,83,87,109,35,144,31,140,207,1.31,1.05,21.9,5.5,3.1,0.2,9.0
Mouhammadou Jaiteh,0,C,FC,82,83,87,111,32,142,25,135,247,1.34,1.05,26.1,5.6,4,0.5,10.6
Jared Reiner,0,PF,FC,82,83,84,109,26,135,22,131,246,1.31,1.01,25.7,5.7,4.7,0.9,12.3
Marcus Lee,0,PF,FC,81,82,87,108,36,143,29,136,211,1.32,1.06,22.6,5.7,4.5,0.5,11.2
Dakari Johnson,0,C,FC,83,84,86,112,25,137,23,135,265,1.33,1.02,27,5.8,4.3,0.5,11.1
Darryl Watkins,0,C,FC,81,82,87,109,31,140,27,136,241,1.33,1.06,25.8,6,5.8,0.6,13.0
Chinanu Onuaku,0,C,FC,81,82,87,109,34,142,28,136,245,1.33,1.06,26.3,6.2,6.4,1.1,14.9
Jason Klotz,0,C,FC,81,82,82,108,27,135,22,130,249,1.32,1,26.7,6.2,3.8,0.4,10.8
DeWayne Dedmon,0,C,FC,82,84,88,109,33,142,28,137,239,1.3,1.05,25,7.1,6.4,0.5,14.4
Tony Bradley,0,C,FC,81,83,89,113,28,140,25,137,249,1.36,1.07,26.5,7.1,5.1,0.6,13.4
Steven Adams,0,PF,FC,83,84,89,110,33,143,29,138,255,1.31,1.06,26.2,7.2,6.3,0.6,14.7
Robert Upshaw,0,C,FC,83,84,90,113,30,143,24,137,258,1.35,1.07,26.5,7.3,5.8,0.4,13.8
Luke Schenscher,0,C,FC,84,85,87,110,27,137,24,134,254,1.29,1.02,25.5,7.4,5.4,0.8,14.5
Rakeem Christmas,0,PF,FC,80,82,89,111,33,144,29,140,243,1.35,1.09,26.5,7.4,5.3,0.6,13.9
Isaiah Hicks,0,PF,FC,79,81,85,105,37,142,32,137,233,1.3,1.05,26.1,7.4,3.6,0.7,12.5
Marko Lekic,0,C,FC,81,82,85,108,31,139,24,132,267,1.32,1.04,28.6,7.5,3.2,0.7,12.2
Jereme Richmond,0,SF,FC,78,79,82,107,34,140,27,134,207,1.35,1.04,23.9,7.6,5,1.8,16.6
Festus Ezeli,0,C,FC,82,84,90,108,34,142,34,142,264,1.29,1.07,27.8,7.7,4.5,0.1,12.3
Meyers Leonard,0,C,FC,84,85,87,108,33,141,30,138,250,1.27,1.02,25.1,7.7,4.7,0.7,13.9
Erik Murphy,0,PF,FC,81,82,83,108,30,138,25,133,240,1.32,1.01,25.9,7.7,3.7,0.7,12.9
Jordan Bachynski,0,C,FC,85,86,88,109,33,142,29,138,254,1.27,1.02,24.6,7.9,5.4,0.3,13.8
James Southerland,0,SF,FC,79,80,85,106,32,138,29,135,221,1.33,1.06,24.9,7.9,3.3,0.6,12.5
Jeff Withey,0,C,FC,83,85,86,111,29,140,27,137,222,1.31,1.01,22.8,8,5.4,0.6,14.6
Nate James,0,SF,FC,76,77,83,103,31,134,26,129,196,1.34,1.08,23.9,8.3,3.7,1.1,14.4
Ekpe Udoh,0,PF,FC,81,82,89,107,34,140,31,138,237,1.3,1.09,25.6,8.4,6.3,1.5,18.0
Aleksandar Djuric,0,C,FC,82,83,84,108,28,136,24,132,253,1.3,1.01,26.5,8.4,4.7,0.4,13.9
Markieff Morris,0,PF,FC,80,81,83,107,32,138,27,134,241,1.32,1.02,26.6,8.5,6.1,1.2,17.2
Michael Dunigan,0,C,FC,81,82,87,108,35,142,30,137,238,1.32,1.06,25.8,8.7,4.8,0.3,14.0
Rick Jackson,0,PF,FC,80,81,86,107,33,140,29,135,242,1.32,1.06,26.4,8.7,6.5,1.3,18.0
Sviatoslav Mykhailiuk,0,SF,FC,79,80,77,100,33,133,27,127,220,1.25,0.96,25.1,8.7,2.5,1.5,14.6
Ryan Richards,0,PF,FC,83,84,86,110,29,139,25,135,230,1.31,1.02,23.8,8.8,2.1,1.6,14.5
Omri Casspi,0,SF,FC,80,81,81,107,33,139,26,132,211,1.32,1,23.3,8.8,3.1,0.4,12.7
Khem Birch,0,C,FC,80,81,85,107,36,143,31,138,209,1.32,1.05,23.2,8.9,7.8,0.8,18.3
Kelly Olynyk,0,C,FC,83,84,82,108,30,138,25,133,234,1.29,0.98,24,8.9,4.6,1.1,15.9
Solomon Alabi,0,C,FC,84,85,89,113,26,139,23,136,237,1.33,1.05,23.9,9.1,5.4,0.4,15.2
Jonathan Holmes,0,PF,FC,80,81,84,108,31,139,26,133,242,1.33,1.04,26.4,9.2,5.9,0.7,16.5
Cameron Bairstow,0,PF,FC,81,82,85,107,34,141,31,138,252,1.3,1.04,27.2,9.2,4.8,0.8,15.7
V.J. Beachem,0,SF,FC,78,80,82,105,37,142,30,135,193,1.31,1.03,22.2,9.2,2.7,0.6,13.2
Cole Aldrich,0,C,FC,81,83,89,112,28,140,23,135,236,1.35,1.07,25.3,9.4,7.7,0.6,18.2
Thomas Welsh,0,C,FC,84,85,84,110,30,140,25,135,254,1.29,0.99,25.6,9.5,7.8,0.8,18.9
Wesley Iwundu,0,SF,FC,78,79,85,106,36,142,32,137,193,1.34,1.08,22.6,9.5,4.7,2.8,20.5
Andre Roberson,0,SF,FC,78,79,83,105,37,141,30,135,206,1.33,1.05,23.7,9.6,10,1.1,21.8
DeAndre Daniels,0,SF,FC,79,81,86,107,32,139,27,133,196,1.32,1.06,21.9,9.6,4.6,0.5,15.2
Dante Cunningham,0,PF,FC,79,80,83,107,35,142,28,135,227,1.34,1.04,25.6,9.6,5.9,1,17.6
Bernard James,0,C,FC,81,82,87,109,33,141,30,139,230,1.33,1.06,24.8,9.7,7,0.3,17.2
Jamie Skeen,0,PF,FC,79,80,85,107,31,137,26,133,242,1.34,1.06,27.6,9.7,5.3,1.1,17.4
Mason Plumlee,0,C,FC,83,85,83,108,36,144,31,139,238,1.27,0.98,24.1,9.8,7.7,1.5,20.7
Thomas Robinson,0,PF,FC,80,81,87,106,36,142,29,135,244,1.31,1.07,27,9.8,7.3,1,19.2
Jeremy Tyler,0,C,FC,81,83,89,111,34,144,28,139,262,1.34,1.07,28.1,9.9,6.4,0.5,17.2
Alex Kirk,0,C,FC,81,83,88,110,32,141,29,138,252,1.33,1.06,26.8,10,6.8,0.6,18.0
Drew Gordon,0,PF,FC,80,81,84,104,34,138,29,133,239,1.28,1.04,26.3,10,8,0.7,19.4
Jarvis Varnado,0,PF,FC,80,82,88,110,33,142,30,139,210,1.34,1.07,22.9,10,7.8,0.6,18.9
Kyle Kuzma,0,SF,FC,80,82,84,108,34,142,27,135,223,1.32,1.02,24.5,10.1,5.5,1.5,18.9
Branden Dawson,0,PF,FC,78,79,83,105,35,140,29,134,230,1.33,1.05,26.9,10.1,6.9,1.4,20.0
Taurean Prince,0,SF,FC,79,80,84,102,36,138,34,136,220,1.28,1.05,25.1,10.2,4.2,1.1,16.8
Rondae Hollis-Jefferson,0,SF,FC,78,79,86,104,38,142,32,136,211,1.32,1.09,24.7,10.2,6.3,1.5,19.8
Chandler Parsons,0,SF,FC,81,82,82,105,32,136,26,130,221,1.28,1,23.8,10.2,6,2.4,21.6
Larry Sanders,0,C,FC,81,83,90,112,28,140,26,138,222,1.35,1.08,23.6,10.3,7.7,0.5,18.9
Brandon Ashley,0,PF,FC,79,81,87,105,36,141,32,137,228,1.3,1.07,25.5,10.3,5.4,0.7,17.1
Tyler Honeycutt,0,SF,FC,79,80,81,105,37,142,30,135,187,1.31,1.01,21.2,10.3,6.9,2.8,23.5
Solomon Hill,0,SF,FC,78,79,81,103,38,141,30,133,226,1.3,1.03,26.5,10.3,5.6,2.2,20.8
Tiny Gallon,0,PF,FC,81,82,89,110,29,138,24,133,302,1.34,1.09,32.8,10.3,7.9,0.8,19.8
Derrick Caracter,0,PF,FC,80,82,84,107,31,138,25,132,280,1.3,1.02,30.6,10.3,5.6,0.6,17.1
Isaiah Miles,0,PF,FC,79,80,83,105,32,137,24,129,220,1.31,1.04,24.9,10.3,4.7,0.6,16.2
Kennedy Meeks,0,PF,FC,81,82,85,106,31,137,28,134,277,1.29,1.04,29.9,10.3,7.3,1,19.7
Justin Jackson,0,SF,FC,78,79,87,107,32,139,27,134,219,1.35,1.1,25.5,10.3,6.5,1.2,19.4
John Henson,0,PF,FC,81,83,89,112,30,142,26,138,216,1.35,1.07,23.1,10.3,8.1,1,20.5
Moritz Wagner,0,PF,FC,82,83,84,108,33,141,26,134,231,1.3,1.01,24.2,10.4,4.5,0.5,15.9
Stephen Zimmerman,0,C,FC,82,84,87,109,31,140,26,135,234,1.3,1.04,24.3,10.5,8.7,0.8,20.8
Kris Joseph,0,SF,FC,78,79,83,104,35,139,29,133,215,1.32,1.05,24.8,10.5,4.5,1.5,18.3
Earl Clark,0,SF,FC,81,82,87,110,33,143,29,138,228,1.34,1.06,24.7,10.6,7,1.7,21.3
Quincy Miller,0,SF,FC,81,82,85,105,36,141,31,136,219,1.28,1.04,23.6,10.6,4.9,1.4,18.6
Justin Harper,0,PF,FC,80,81,84,106,33,139,29,135,228,1.31,1.04,25,10.6,4.8,0.7,16.9
LaQuinton Ross,0,SF,FC,79,80,86,106,31,137,25,131,239,1.33,1.08,27.3,10.6,4,0.6,15.9
Adonis Thomas,0,SF,FC,77,78,85,99,41,140,35,134,232,1.27,1.09,27.7,10.7,4,1.5,18.0
TaShawn Thomas,0,PF,FC,79,80,86,108,31,139,26,134,240,1.35,1.08,26.9,10.7,6.6,1.9,21.5
Dorian Finney-Smith,0,PF,FC,79,80,84,106,36,141,33,138,213,1.33,1.05,24.3,10.7,7.1,1.9,22.0
Major Wingate,0,C,FC,81,82,88,109,31,140,28,137,242,1.33,1.07,25.9,10.8,4.3,0,15.0
Dwight Powell,0,PF,FC,82,83,85,105,35,140,29,134,234,1.27,1.02,24.8,10.8,6.3,1.8,21.1
Joe Ingles,0,SF,FC,80,80,82,105,31,136,26,131,209,1.31,1.03,23.1,11,4.1,2.6,21.0
DaJuan Summers,0,SF,FC,79,81,85,107,35,141,30,136,243,1.32,1.05,27.2,11.2,4.4,1.3,18.5
DeMarre Carroll,0,SF,FC,78,80,82,105,36,141,31,136,207,1.31,1.03,23.8,11.2,6,1.6,20.7
Devin Ebanks,0,SF,FC,79,80,84,108,32,140,24,131,208,1.35,1.05,23.4,11.2,7.9,2.6,24.9
Robert Carter,0,SF,FC,79,81,87,107,31,137,25,131,251,1.32,1.07,28.5,11.2,7.2,1.4,21.4
Khris Middleton,0,SF,FC,79,80,83,103,31,134,28,131,216,1.29,1.04,24.5,11.3,4.6,2,20.4
James McAdoo,0,PF,FC,80,81,86,107,34,141,30,136,228,1.32,1.06,25.4,11.4,5.9,1,19.4
C.J. Fair,0,PF,FC,79,80,82,104,35,139,27,131,218,1.3,1.03,24.9,11.6,5.7,0.8,19.0
Austin Daye,0,SF,FC,82,83,87,110,28,138,25,135,192,1.33,1.05,20.2,11.6,5.8,1,19.5
Tyler Lydon,0,PF,FC,80,82,84,108,34,141,30,137,215,1.32,1.02,23.5,11.6,7.4,1.6,22.5
Greg Smith,0,PF,FC,80,81,87,107,36,143,30,136,253,1.32,1.07,27.8,11.6,6.9,1.5,21.8
Daniel Hamilton,0,PF,FC,78,80,81,104,29,133,26,130,197,1.3,1.01,22.6,11.7,8.3,4.2,29.5
Mike Scott,0,PF,FC,79,81,83,104,33,137,27,131,241,1.28,1.02,27,11.8,7.3,1,21.2
Gani Lawal,0,PF,FC,80,81,84,106,35,141,30,136,229,1.31,1.04,25.3,11.8,7.2,0.4,19.7
Antonis Fotsis,0,SF,FC,81,82,81,106,30,136,27,133,219,1.29,0.99,23.5,11.8,3.1,1.3,17.8
Michael Kidd-Gilchrist,0,SF,FC,78,80,84,105,36,140,32,137,233,1.31,1.05,27.1,11.9,7.4,1.9,23.5
Omer Yurtseven,0,C,FC,83,84,85,109,32,140,26,135,248,1.3,1.01,25.6,12.1,7.1,0.9,21.1
Jeff Adrien,0,PF,FC,77,79,86,108,32,139,28,135,236,1.37,1.09,27.8,12.1,8.5,1.1,22.9
Sam Dekker,0,SF,FC,80,81,84,106,35,141,26,132,219,1.31,1.04,24.2,12.1,5,1.3,20.0
Jackie Carmichael,0,PF,FC,80,81,86,107,32,139,30,137,241,1.32,1.06,26.8,12.1,7.2,0.7,20.7
Isaiah Austin,0,PF,FC,84,85,89,113,30,142,27,139,220,1.33,1.05,22.2,12.1,6.9,1.2,21.6
Davon Jefferson,0,SF,FC,77,78,82,105,32,137,27,132,213,1.35,1.05,25.3,12.1,6.3,0.8,20.0
Melvin Ejim,0,SF,FC,77,79,83,104,35,139,30,133,219,1.32,1.05,25.8,12.2,7.8,1.4,23.0
Josh Heytvelt,0,PF,FC,82,83,85,108,34,142,29,137,246,1.3,1.02,25.7,12.2,5.8,0.5,19.0
Kyle Anderson,0,SF,FC,80,81,87,108,28,136,23,131,230,1.33,1.07,25.6,12.2,8.7,5,32.2
Brandon Davies,0,PF,FC,81,82,86,109,32,140,26,135,242,1.33,1.05,26.3,12.4,6.2,1.6,22.1
Taj Gibson,0,PF,FC,81,82,88,109,30,139,26,135,214,1.33,1.07,23.2,12.4,8.5,1.4,23.9
Jordan Hill,0,C,FC,81,82,86,108,35,143,31,139,232,1.32,1.05,24.7,12.5,7.9,0.8,22.0
Diamond Stone,0,C,FC,81,82,87,109,30,138,27,136,254,1.33,1.06,27.2,12.5,5.4,0.4,18.6
Kyle O'Quinn,0,PF,FC,81,82,89,107,32,138,32,138,241,1.3,1.09,26.1,12.5,8.5,0.9,22.8
Marcus Morris,0,PF,FC,79,81,82,106,33,139,29,135,230,1.31,1.01,25.9,12.6,6.2,1.3,21.6
Jeff Ayres,0,PF,FC,81,82,85,107,35,142,31,138,240,1.3,1.04,25.9,12.6,7.5,0.8,21.7
Tyler Zeller,0,C,FC,83,85,84,105,34,139,30,135,247,1.24,0.99,25.1,12.8,6.7,0.6,20.7
Otto Porter,0,SF,FC,80,81,86,106,36,142,27,133,198,1.31,1.06,22,12.8,7.1,2.1,24.5
Justin Patton,0,C,FC,82,83,87,112,31,142,26,138,229,1.35,1.05,23.9,12.9,6.2,1.2,21.7
Trevor Booker,0,PF,FC,78,80,82,106,36,142,31,137,236,1.33,1.03,27.1,12.9,7.9,1.7,24.5
Jarnell Stokes,0,PF,FC,79,81,85,104,36,140,31,135,263,1.28,1.05,29.6,13,9.6,1.5,25.8
Malik Newman,0,PF,FC,74,76,78,98,36,133,30,128,182,1.29,1.03,23.2,13,4.1,2.1,21.8
Jarrod Uthoff,0,SF,FC,81,82,84,104,35,139,29,133,214,1.27,1.02,23.2,13,5.8,1.2,21.4
Kevin Jones,0,PF,FC,78,80,86,105,33,138,28,133,251,1.31,1.08,28.8,13.1,7.5,1,22.7
James Ennis,0,SF,FC,78,79,84,105,37,141,30,134,201,1.33,1.06,23.4,13.2,5.4,2.4,24.0
Sam Young,0,SF,FC,77,79,83,106,33,139,28,133,223,1.34,1.05,26.3,13.2,5,1,20.4
Ron Baker,0,PF,FC,75,76,82,98,36,133,30,128,212,1.29,1.08,26.3,13.2,4.2,2.8,23.8
Ivan Rabb,0,PF,FC,81,82,86,109,33,142,29,138,220,1.33,1.05,23.7,13.2,9.4,1.2,25.1
Jordan Williams,0,C,FC,80,81,84,107,31,137,25,132,247,1.32,1.04,27.3,13.2,10.2,0.4,24.0
Damian Jones,0,C,FC,82,84,88,107,37,144,36,143,244,1.27,1.05,25.4,13.3,6.4,0.7,21.1
Alec Brown,0,PF,FC,84,85,86,109,30,139,27,136,231,1.28,1.01,22.9,13.3,6.3,0.9,21.5
Aaron White,0,PF,FC,80,81,84,107,35,142,30,137,220,1.32,1.04,24.3,13.3,6.4,1.4,22.7
Xavier Henry,0,SF,FC,77,79,83,105,37,142,29,134,210,1.33,1.05,24.7,13.4,4.4,1.5,21.1
Damion James,0,SF,FC,78,80,85,106,37,143,30,136,224,1.33,1.06,25.7,13.5,9.3,1.1,25.0
JaMychal Green,0,PF,FC,80,81,86,107,33,139,30,136,217,1.32,1.06,23.8,13.5,7.4,1.2,23.4
DeJuan Blair,0,PF,FC,77,79,86,107,33,140,26,133,277,1.35,1.09,32.6,13.6,10.7,1.1,26.5
James Johnson,0,SF,FC,79,80,85,106,35,141,31,136,257,1.33,1.06,28.9,13.6,3.5,3.8,25.8
Jarell Martin,0,PF,FC,80,81,82,107,35,141,29,135,239,1.32,1.01,26.3,13.7,6.9,1.4,23.6
Ben Bentil,0,PF,FC,79,80,86,105,33,138,29,134,229,1.31,1.08,25.6,13.8,6.3,0.9,22.0
Cartier Martin,0,SF,FC,76,77,82,104,30,134,27,131,218,1.35,1.06,26.5,13.8,4.8,1.5,21.9
Wesley Johnson,0,SF,FC,78,79,85,106,37,143,32,138,206,1.34,1.08,23.7,13.9,7,1.6,24.4
Terrence Jones,0,PF,FC,80,82,86,107,35,142,30,137,252,1.3,1.05,27.5,14,8,1.5,25.2
Robbie Hummel,0,SF,FC,79,81,81,102,30,132,28,130,218,1.26,1,24.4,14,6.8,2.1,25.4
Al-Farouq Aminu,0,SF,FC,79,81,87,109,34,142,27,136,216,1.35,1.07,24.2,14.4,9.4,1.4,26.7
Caleb Swanigan,0,PF,FC,80,81,88,107,29,136,26,133,247,1.32,1.09,27.5,14.4,10.4,2.4,30.0
Deshaun Thomas,0,SF,FC,77,79,82,104,32,136,29,133,220,1.32,1.04,26.1,14.4,5,0.9,21.3
Greg Monroe,0,C,FC,82,83,86,109,29,138,25,134,247,1.31,1.04,26,14.5,8.2,3.2,29.9
Jae Crowder,0,SF,FC,77,79,81,100,35,134,31,131,241,1.27,1.03,28.8,14.6,7.6,1.8,26.1
Robert Covington,0,PF,FC,78,80,86,106,36,142,30,136,209,1.33,1.08,24,14.8,7.4,1.2,24.7
Keith Brumbaugh,0,SF,FC,80,81,80,105,27,132,26,131,190,1.3,0.99,20.9,14.9,4.9,2.1,24.5
Bobby Portis,0,PF,FC,82,83,86,109,32,140,25,134,246,1.31,1.04,26,15,7.9,1.3,25.7
Mike Muscala,0,C,FC,82,84,85,108,34,142,28,136,230,1.29,1.01,23.9,15.3,8.2,1.6,26.9
Moe Harkless,0,SF,FC,79,81,84,103,37,140,33,135,207,1.27,1.04,23.2,15.5,8.6,1.5,27.3
Alan Williams,0,PF,FC,79,80,86,107,29,135,26,132,261,1.34,1.08,29.2,15.5,10,1,27.5
Dionte Christmas,0,SF,FC,76,78,81,103,34,136,27,130,211,1.32,1.04,25.5,15.7,4.4,2,24.6
Trey Thompkins,0,PF,FC,81,82,85,108,31,138,28,135,239,1.32,1.04,25.9,15.7,7.8,1.4,26.5
Yemi Nicholson,0,C,FC,82,83,84,107,26,133,27,134,260,1.29,1.01,27.2,15.7,8.1,0.8,25.4
Will Clyburn,0,SF,FC,78,79,84,105,35,140,28,133,210,1.33,1.06,24.4,15.9,7.3,1.6,26.7
Eric Mika,0,C,FC,81,82,82,107,32,139,29,136,233,1.3,1,25.3,16.1,7.8,1.3,26.7
Georges Niang,0,PF,FC,79,81,82,103,31,134,25,128,231,1.27,1.01,26.2,16.1,5.2,3.1,28.3
Patrick Patterson,0,PF,FC,80,81,85,107,34,141,29,136,240,1.32,1.05,26.4,16.1,8.2,1.5,27.5
Kyle Singler,0,SF,FC,80,81,82,106,30,136,23,129,228,1.31,1.01,25.4,16.2,6.9,2,27.5
T.J. Leaf,0,PF,FC,81,82,83,107,35,142,29,136,222,1.3,1.01,23.9,16.3,8.2,2.4,29.8
Andrew Nicholson,0,PF,FC,81,82,88,107,31,138,29,136,234,1.3,1.07,25.4,17.1,7.2,0.7,25.7
Jared Sullinger,0,PF,FC,80,81,85,106,31,137,30,135,268,1.31,1.05,29.6,17.3,9.7,1.2,29.5
Derrick Williams,0,SF,FC,79,81,86,108,35,143,29,137,248,1.33,1.06,27.8,17.8,7.7,0.9,27.3
Shabazz Muhammad,0,SF,FC,77,78,83,105,37,142,30,134,222,1.35,1.06,26.5,17.9,5.2,0.8,24.8
T.J. Warren,0,SF,FC,79,80,82,104,36,140,27,131,220,1.3,1.03,24.8,18.5,5.7,1,26.3
Charles Garcia,0,PF,FC,80,81,86,108,31,138,25,132,232,1.33,1.06,25.3,18.7,8.3,1,29.0
Artsiom Parakhouski,0,C,FC,82,84,85,110,27,136,26,135,268,1.31,1.01,27.8,18.7,12.2,1.1,33.0
Luke Harangody,0,PF,FC,78,80,82,106,31,137,27,133,240,1.33,1.03,27.6,19.2,9.5,1.6,32.1
Tyler Hansbrough,0,PF,FC,80,82,84,106,34,140,28,134,234,1.29,1.02,25.5,20.2,8.6,1.1,31.1
Doug McDermott,0,PF,FC,78,80,81,103,37,140,29,132,218,1.29,1.01,25,21.7,7.5,1.3,32.0
Harold Arceneaux,0,SF,FC,77,78,81,103,29,132,24,127,219,1.32,1.04,26,22.6,6.7,1.7,33.0
Mark Eaton,1,C,FC,87,88,91,115,32,147,27,142,275,1.31,1.03,25.5,1.8,2.4,0.1,4.4
DeAndre Jordan,1,C,FC,82,83,90,111,46,157,36,147,265,1.34,1.08,27.7,7.9,6,0.4,14.6
Giannis Antetokounmpo,1,PF,FC,83,84,87,111,40,151,35,146,190,1.32,1.04,19.4,8,7.6,2.2,20.5
James Donaldson,1,C,FC,85,86,89,112,33,145,28,140,275,1.3,1.03,26.8,8.5,8.1,0.5,17.5
Antonio Davis,1,PF,FC,80,81,84,106,30,136,26,132,215,1.31,1.04,23.6,9.2,6.1,0.5,16.3
Gerald Wallace,1,SF,FC,78,79,82,105,40,145,36,141,220,1.33,1.04,25.4,9.8,6,1.5,19.1
Dikembe Mutombo,1,C,FC,85,86,90,113,34,147,31,144,245,1.31,1.05,23.8,9.9,8.6,0.8,20.1
Andre Drummond,1,C,FC,82,84,90,110,34,143,32,141,279,1.31,1.07,29.3,10,7.6,0.4,18.3
Dolph Schayes,1,PF,FC,79,80,85,106,28,134,24,130,195,1.33,1.06,22,10.2,15.4,3.1,32.3
Al Horford,1,C,FC,80,81,84,106,34,140,30,136,245,1.31,1.04,26.9,10.3,7.9,1.7,21.9
Scottie Barnes,1,SF,FC,79,80,86,108,40,148,36,144,215,1.35,1.08,24.2,10.3,4,4.1,23.7
Theo Ratliff,1,C,FC,81,82,86,109,38,147,34,143,225,1.33,1.05,24.1,10.3,5.9,0.7,17.6
Karl-Anthony Towns,1,C,FC,83,84,87,111,29,140,25,136,220,1.32,1.04,22.5,10.3,6.7,1.1,19.3
Joakim Noah,1,C,FC,82,83,85,108,38,146,33,141,232,1.3,1.02,24.3,10.5,6.4,1.7,20.6
Draymond Green,1,PF,FC,78,80,85,105,33,138,28,133,236,1.31,1.06,27.4,10.5,7.6,2.9,24.6
Zach Randolph,1,PF,FC,80,81,84,106,28,134,24,130,260,1.31,1.04,28.6,10.8,6.7,1,19.6
Roy Hibbert,1,C,FC,85,86,90,113,34,147,30,143,270,1.31,1.05,26.3,10.9,5.9,1.3,19.6
Jaren Jackson Jr.,1,PF,FC,82,83,88,110,33,143,26,136,242,1.33,1.06,25.3,10.9,5.8,1.1,19.1
Kenyon Martin,1,PF,FC,80,81,84,106,36,142,32,138,225,1.31,1.04,24.7,11,7.5,1.2,21.0
Kristaps Porzingis,1,PF,FC,86,87,90,113,38,151,34,147,220,1.3,1.03,20.9,11,4.6,0.5,16.6
Joel Embiid,1,C,FC,83,84,89,111,37,148,30,141,250,1.32,1.06,25.5,11.2,8.1,1.4,22.3
David Lee,1,PF,FC,80,81,85,107,36,143,32,139,250,1.32,1.05,27.5,11.3,6.8,2,22.5
Khris Middleton,1,SF,FC,78,79,83,103,34,137,30,133,222,1.3,1.05,25.7,11.3,4.6,2,20.4
Larry Nance,1,PF,FC,81,82,85,107,40,147,36,143,205,1.3,1.04,22,11.5,6.7,1.5,21.5
Johnny Green,1,PF,FC,76,77,80,101,34,135,30,131,215,1.31,1.04,26.2,11.6,8.6,1.4,23.2
Antoine Walker,1,PF,FC,80,81,85,107,34,141,30,137,245,1.32,1.05,26.9,11.7,6.5,2.2,23.1
Detlef Schrempf,1,PF,FC,81,82,84,107,32,139,29,136,214,1.3,1.02,22.9,11.9,6.2,2.3,23.2
Brad Miller,1,C,FC,82,83,86,110,30,140,26,136,235,1.33,1.04,24.6,12,6.7,2,23.1
Vlade Divac,1,C,FC,84,85,89,112,31,143,28,140,240,1.32,1.05,23.9,12,7,1,21.1
Kiki Vandeweghe,1,SF,FC,79,80,84,107,33,140,29,136,220,1.34,1.05,24.8,12.2,5,1.3,20.1
Antonio McDyess,1,PF,FC,80,81,84,106,42,148,38,144,225,1.31,1.04,24.7,12.8,9.3,0.5,23.0
Bam Adebayo,1,C,FC,81,82,87,108,39,147,34,142,243,1.32,1.06,26.2,13,8,0.8,22.6
Rasheed Wallace,1,PF,FC,82,83,86,109,31,140,27,136,230,1.31,1.04,24,13,7.4,0.8,22.0
Metta World Peace,1,SF,FC,77,78,86,105,36,141,32,137,244,1.35,1.1,28.9,13.1,6.3,3.2,26.6
Bob Kauffman,1,PF,FC,79,80,83,105,31,136,27,132,240,1.31,1.04,27,13.1,2.4,7.2,32.1
Jamaal Magloire,1,C,FC,82,83,87,109,32,141,28,137,259,1.31,1.05,27.1,13.2,9.1,0.5,23.2
Kevin Duckworth,1,C,FC,83,84,88,110,30,140,24,134,275,1.31,1.05,28.1,13.3,7.3,0.5,21.5
Hakeem Olajuwon,1,C,FC,83,84,87,111,40,151,35,146,255,1.32,1.04,26,13.3,10.7,0.9,25.7
Ben Wallace,1,PF,FC,80,81,84,106,34,140,30,136,228,1.31,1.04,25,13.4,10,0.7,24.7
Jarrett Allen,1,C,FC,81,82,89,110,36,146,32,142,237,1.34,1.09,25.4,13.4,8.4,0.8,23.4
Domantas Sabonis,1,C,FC,84,85,87,110,33,143,26,136,240,1.29,1.02,23.9,13.5,9.4,1.3,25.6
LaMarcus Aldridge,1,PF,FC,82,83,88,110,34,144,27,137,260,1.33,1.06,27.2,13.5,8.2,0.6,22.8
Bobby Jones,1,SF,FC,80,81,81,106,31,137,28,134,195,1.31,1,21.4,13.7,8.9,3.1,29.5
Horace Grant,1,PF,FC,81,82,85,107,32,139,28,135,225,1.3,1.04,24.1,13.9,8,1.7,25.6
Demar DeRozan,1,SF,FC,78,79,81,103,39,141,29,132,211,1.3,1.03,24.7,13.9,5.7,1.5,22.9
Josh Howard,1,SF,FC,78,79,82,105,38,143,34,139,210,1.33,1.04,24.3,13.9,6.6,1.9,24.7
Rudy Gobert,1,C,FC,85,86,93,115,29,144,25,140,238,1.34,1.08,23.4,14,3.5,0.5,18.5
Charles Barkley,1,PF,FC,77,78,82,105,39,144,35,140,285,1.35,1.05,33.8,14.1,9.6,1.6,27.1
Kawhi Leonard,1,SF,FC,78,79,87,106,32,138,26,132,227,1.34,1.1,26.2,14.1,10.2,2.2,29.1
Anthony Davis,1,C,FC,81,83,90,108,36,144,32,140,222,1.3,1.08,23.6,14.2,10.4,1.3,27.3
Brad Daugherty,1,C,FC,83,84,88,110,35,145,31,141,245,1.31,1.05,25,14.2,7.4,1.6,25.1
Otis Thorpe,1,PF,FC,81,82,85,107,32,139,29,136,248,1.3,1.04,26.6,14.4,8,0.9,24.2
Gordon Hayward,1,SF,FC,79,80,80,103,35,138,31,134,211,1.29,1,23.9,14.4,7.4,1.8,25.7
Marques Johnson,1,SF,FC,78,79,82,105,34,139,30,135,225,1.33,1.04,26,14.4,7.8,1.8,26.1
James Worthy,1,SF,FC,80,81,84,108,38,146,34,142,225,1.33,1.04,24.7,14.5,7.4,2.5,27.5
Shawn Kemp,1,PF,FC,77,78,85,105,40,145,36,141,220,1.35,1.09,26.1,14.6,8.4,1.3,25.7
Tom Chambers,1,PF,FC,81,82,85,108,38,146,32,140,220,1.32,1.04,23.6,14.6,7.6,0.7,23.6
A.C. Green,1,PF,FC,80,81,84,106,30,136,26,132,220,1.31,1.04,24.2,14.7,7.7,1.6,25.9
Carlos Boozer,1,PF,FC,80,81,86,107,35,142,31,138,258,1.32,1.06,28.3,14.9,7.2,1.1,24.4
Grant Hill,1,SF,FC,78,79,83,106,40,146,34,140,225,1.34,1.05,26,14.9,6,3.6,29.1
Julius Randle,1,PF,FC,80,81,84,106,36,141,29,135,250,1.31,1.04,27.6,15,10.4,1.4,28.3
Jamaal Wilkes,1,SF,FC,77,78,81,102,32,134,28,130,190,1.31,1.04,22.5,15,7.4,2.2,27.3
Derrick Coleman,1,PF,FC,81,82,85,107,35,142,30,137,230,1.3,1.04,24.6,15,10.7,2.3,30.7
DeMarcus Cousins,1,C,FC,82,83,90,113,28,141,24,137,292,1.36,1.08,30.9,15.1,9.8,1,26.9
Luol Deng,1,SF,FC,80,81,84,109,34,143,28,137,220,1.35,1.04,24.2,15.1,6.9,1.8,25.9
Chris Kaman,1,C,FC,83,84,83,111,31,142,24,135,265,1.32,0.99,27,15.1,8.5,0.8,25.2
Kevin McHale,1,PF,FC,82,83,95,114,30,144,24,138,210,1.37,1.14,22,15.2,8.5,1.5,26.9
Patrick Ewing,1,C,FC,83,84,88,110,34,144,30,140,240,1.31,1.05,24.5,15.3,9.2,0.9,26.3
Juwan Howard,1,PF,FC,80,81,82,105,30,135,26,131,223,1.3,1.01,24.5,15.3,7.5,2,27.2
Mel Hutchins,1,PF,FC,77,78,81,102,32,134,28,130,200,1.31,1.04,23.7,15.4,12.7,3.7,36.3
Willie Naulls,1,PF,FC,77,78,81,102,32,134,28,130,190,1.31,1.04,22.5,15.5,11.4,3.2,33.9
Paul George,1,PF,FC,80,81,83,109,39,148,35,144,214,1.35,1.02,23.5,15.5,6.7,2.4,27.5
Chris Bosh,1,PF,FC,82,83,88,110,33,143,31,141,225,1.33,1.06,23.5,15.6,9,1.2,27.1
Marc Gasol,1,C,FC,84,85,88,111,32,143,26,137,255,1.31,1.04,25.4,15.6,7.7,2.5,28.8
Lauri Markkanen,1,PF,FC,83,84,88,110,35,145,31,141,240,1.31,1.05,24.5,15.6,7.2,0.9,24.7
Maurice Lucas,1,PF,FC,80,81,85,107,34,141,30,137,230,1.32,1.05,25.3,15.7,10.7,2.2,31.2
Jerry Stackhouse,1,SF,FC,77,78,79,101,35,136,30,131,218,1.29,1.01,25.8,15.7,6.6,2.3,27.4
Sidney Wicks,1,PF,FC,79,80,84,105,32,137,28,133,225,1.31,1.05,25.3,15.8,9.9,2.2,30.5
Tyrone Hill,1,PF,FC,80,81,84,106,28,134,24,130,240,1.31,1.04,26.4,15.9,11,1,28.9
Brook Lopez,1,C,FC,84,85,89,112,31,143,28,140,200,1.32,1.05,19.9,16,7.1,1.1,25.4
Paul Pierce,1,SF,FC,78,79,87,106,36,142,32,138,235,1.34,1.1,27.2,16.4,6.3,2.2,27.6
Tim Duncan,1,C,FC,82,83,88,112,28,140,22,134,249,1.35,1.06,26,16.5,12.3,2.3,33.7
Nikola Jokic,1,C,FC,82,83,87,111,22,133,17,128,250,1.34,1.05,26.1,16.5,9.7,3.2,33.3
Pascal Siakam,1,PF,FC,80,82,87,108,37,144,31,138,227,1.32,1.06,24.8,16.6,9.7,1.5,29.5
Christian Laettner,1,PF,FC,82,83,85,108,32,140,28,136,235,1.3,1.02,24.6,16.6,7.8,1.8,28.3
Alonzo Mourning,1,C,FC,82,83,90,111,38,149,34,145,240,1.34,1.08,25.1,16.7,8.6,1.2,27.8
Danny Granger,1,SF,FC,80,81,85,107,38,145,34,141,220,1.32,1.05,24.2,16.7,8.2,1.6,28.3
Dan Roundfield,1,PF,FC,79,80,83,105,30,135,26,131,228,1.31,1.04,25.7,16.7,13.1,2.5,35.2
Jayson Tatum,1,SF,FC,79,80,82,107,33,140,30,137,205,1.34,1.03,23.1,16.8,7.3,2.1,28.7
Andrei Kirilenko,1,SF,FC,80,81,84,108,32,140,28,136,235,1.33,1.04,25.8,16.8,7.1,2.4,29.2
Ralph Sampson,1,C,FC,87,88,92,115,36,151,32,147,186,1.31,1.05,17.3,16.9,11.4,1.2,30.7
David West,1,PF,FC,80,81,88,108,32,140,28,136,250,1.33,1.09,27.5,16.9,10.4,2.1,31.8
Nikola Vucevic,1,C,FC,82,84,89,113,25,138,24,136,260,1.35,1.06,27,17,8.7,0.8,27.3
Andrew Wiggins,1,SF,FC,78,79,84,107,44,151,38,145,197,1.35,1.06,22.8,17.1,5.9,1.5,26.3
Paolo Banchero,1,PF,FC,81,82,84,107,40,147,36,143,250,1.3,1.02,26.8,17.2,7.8,3.2,32.2
Brandon Ingram,1,SF,FC,78,79,87,110,40,150,35,145,190,1.39,1.1,22,17.3,6.8,2,28.5
Chris Webber,1,PF,FC,81,82,88,109,38,147,33,142,245,1.33,1.07,26.3,17.4,10,2.4,32.6
Kevin Love,1,PF,FC,79,80,83,106,32,138,26,132,220,1.33,1.04,24.8,17.5,10.6,1.9,32.2
Steve Johnson,1,C,FC,81,82,85,110,35,145,30,140,235,1.34,1.04,25.2,17.5,6.8,1.2,26.9
Alex English,1,SF,FC,77,78,82,103,32,135,28,131,190,1.32,1.05,22.5,17.8,9.6,1,29.4
Caron Butler,1,SF,FC,78,79,83,106,36,142,32,138,238,1.34,1.05,27.5,18,7.6,3,32.3
Rashard Lewis,1,SF,FC,81,82,86,108,36,144,30,138,215,1.32,1.05,23,18,3,1,23.2
Rik Smits,1,C,FC,87,88,91,115,32,147,28,143,250,1.31,1.03,23.2,18.2,7.6,0.4,26.5
Glen Rice,1,SF,FC,78,79,81,102,34,136,30,132,215,1.29,1.03,24.8,18.2,6.4,2,29.0
Pau Gasol,1,PF,FC,83,84,88,110,33,143,27,137,227,1.31,1.05,23.2,18.5,6,0.7,25.9
Paul Millsap,1,PF,FC,79,80,85,106,34,140,30,136,245,1.33,1.06,27.6,18.6,12.7,0.9,33.0
Dirk Nowitzki,1,C,FC,83,84,87,112,20,132,12,124,237,1.33,1.04,24.2,18.6,6.3,1.7,28.6
Karl Malone,1,PF,FC,80,81,88,110,28,138,24,134,250,1.36,1.09,27.5,18.7,9.3,1.4,30.9
Willis Reed,1,PF,FC,80,81,85,107,32,139,28,135,235,1.32,1.05,25.8,18.7,15.2,2.8,39.9
Anthony Mason,1,SF,FC,79,80,83,105,32,137,28,133,250,1.31,1.04,28.2,18.7,8.1,2.4,32.1
Michael Finley,1,SF,FC,78,79,82,105,36,141,32,137,215,1.33,1.04,24.8,18.7,5.6,3.2,31.5
Shawn Marion,1,SF,FC,76,77,82,102,38,140,34,136,215,1.32,1.06,26.2,18.7,9.3,1.2,30.5
Blake Griffin,1,PF,FC,81,82,83,105,36,141,32,137,248,1.28,1.01,26.9,18.8,11.8,2.1,35.1
Jamal Mashburn,1,SF,FC,79,80,83,105,32,137,28,133,240,1.31,1.04,27,18.8,7.8,2.2,31.4
Peja Stojakovic,1,SF,FC,80,81,83,107,32,139,29,136,220,1.32,1.02,24.2,18.8,5.3,2.8,30.4
Dave Cowens,1,PF,FC,80,81,84,106,30,136,26,132,230,1.31,1.04,25.3,19,17.2,2,40.3
Antawn Jamison,1,PF,FC,79,80,88,108,40,148,34,142,223,1.35,1.1,25.1,19,9.9,0.9,30.7
Bill Cartwright,1,C,FC,84,85,89,112,32,144,28,140,245,1.32,1.05,24.4,19.1,10.2,1.4,32.2
Ben Simmons,1,SF,FC,82,83,84,107,42,149,35,142,230,1.29,1.01,24,19.2,11.8,4.8,41.7
Sean Elliott,1,SF,FC,79,80,83,105,34,139,31,136,205,1.31,1.04,23.1,19.2,6.1,3.4,33.0
Luka Doncic,1,SF,FC,78,79,86,106,30,136,26,132,230,1.34,1.09,26.6,19.2,8.5,7.5,44.8
Andrew Bynum,1,C,FC,83,84,90,112,38,150,33,145,285,1.33,1.07,29.1,19.2,14.9,3.3,41.3
Chris Mullin,1,SF,FC,78,79,82,105,32,137,28,133,200,1.33,1.04,23.1,19.5,4.1,3.6,31.8
Eddie Johnson,1,SF,FC,78,79,79,102,34,136,30,132,180,1.29,1,20.8,19.5,3.6,4.9,34.3
Bob McAdoo,1,PF,FC,78,79,85,105,36,141,32,137,210,1.33,1.08,24.3,19.5,10.1,2.3,34.6
Walter Dukes,1,C,FC,83,84,87,110,36,146,32,142,220,1.31,1.04,22.5,19.9,19.5,1.6,42.5
Vin Baker,1,PF,FC,81,82,87,108,32,140,28,136,232,1.32,1.06,24.9,20,8.5,1,30.5
Tyson Chandler,1,C,FC,84,85,87,110,36,146,32,142,235,1.29,1.02,23.4,20,12,6,45.5
Danny Manning,1,PF,FC,81,82,84,107,34,141,30,137,245,1.3,1.02,26.3,20.1,8.1,2.3,33.3
Kermit Washington,1,SF,FC,79,80,84,107,32,139,28,135,230,1.34,1.05,25.9,20.1,20.2,1.3,42.6
Paul Silas,1,PF,FC,78,79,83,104,30,134,26,130,220,1.32,1.05,25.4,20.5,21.6,2.4,47.0
Walt Bellamy,1,C,FC,82,83,86,110,33,143,28,138,225,1.33,1.04,23.5,20.6,15.5,1.7,39.5
Wes Unseld,1,C,FC,78,79,82,108,30,138,24,132,245,1.37,1.04,28.3,20.6,18.9,1.4,42.1
Bill Russell,1,C,FC,81,82,88,112,44,156,37,149,215,1.37,1.07,23,20.7,20.3,2.1,45.2
David Robinson,1,C,FC,84,85,89,112,35,147,31,143,235,1.32,1.05,23.4,21,10.3,0.6,32.4
Yao Ming,1,C,FC,86,87,93,115,32,147,26,141,310,1.32,1.07,29.5,21,9.2,2.5,35.7
Shareef Abdur-Rahim,1,PF,FC,80,81,84,106,34,140,30,136,225,1.31,1.04,24.7,21.1,8.4,1,31.5
Campy Russell,1,SF,FC,79,80,83,105,33,138,29,134,215,1.31,1.04,24.2,21.2,10.4,2.2,36.4
Jack Sikma,1,C,FC,81,82,86,109,32,141,27,136,230,1.33,1.05,24.6,21.2,13.1,1.1,36.4
Shaquille O'Neal,1,C,FC,84,85,91,114,35,149,30,144,301,1.34,1.07,30,21.6,13.5,1.7,38.6
Robert Parish,1,C,FC,83,84,88,110,36,146,32,142,230,1.31,1.05,23.5,21.6,16.9,1.4,41.2
Larry Johnson,1,PF,FC,78,79,82,104,32,136,28,132,257,1.32,1.04,29.7,21.6,11.2,2.5,38.2
Dan Majerle,1,SF,FC,77,78,81,102,32,134,28,130,215,1.31,1.04,25.5,21.8,8.9,2.2,35.5
Cedric Ceballos,1,SF,FC,77,78,81,102,38,140,33,135,190,1.31,1.04,22.5,22.1,10.7,1.6,36.2
Carmelo Anthony,1,SF,FC,79,80,84,107,34,141,31,138,240,1.34,1.05,27,22.2,10,2.2,37.0
Jermaine O'Neal,1,PF,FC,82,83,87,109,36,145,32,141,260,1.31,1.05,27.2,22.4,12.4,3.1,41.6
Bob Dandridge,1,SF,FC,77,78,81,102,32,134,28,130,195,1.31,1.04,23.1,22.6,13,2.8,41.7
Zion Williamson,1,PF,FC,78,79,82,103,45,148,41,144,285,1.3,1.04,32.9,22.6,8.9,2.1,36.1
Amar'e Stoudemire,1,PF,FC,81,82,85,108,38,146,34,142,245,1.32,1.04,26.3,23,17,6,53.4
Bob Love,1,PF,FC,79,80,83,105,31,136,27,132,215,1.31,1.04,24.2,23.1,14.9,2.3,42.8
Artis Gilmore,1,C,FC,85,86,89,112,42,154,36,148,240,1.3,1.03,23.4,23.3,22.7,1.7,49.2
Scottie Pippen,1,SF,FC,79,80,84,107,38,145,32,139,210,1.34,1.05,23.7,23.6,10,4.3,43.2
Jerry Lucas,1,PF,FC,77,78,83,103,34,137,30,133,230,1.32,1.06,27.3,24.3,17.2,2.8,47.4
Charles Oakley,1,PF,FC,80,81,84,106,28,134,24,130,225,1.31,1.04,24.7,24.3,17.3,2.8,47.5
Mark Aguirre,1,SF,FC,77,78,81,102,30,132,26,128,232,1.31,1.04,27.5,24.5,7.9,3.3,39.8
Dave DeBusschere,1,PF,FC,77,78,81,102,32,134,28,130,220,1.31,1.04,26.1,24.8,19.3,3.1,50.7
Billy Cunningham,1,PF,FC,77,78,81,102,34,136,30,132,210,1.31,1.04,24.9,24.8,15.4,2.9,46.4
Dwight Howard,1,C,FC,82,83,89,110,40,150,36,146,240,1.33,1.07,25.1,25,18,3.5,50.5
Rudy Tomjanovich,1,PF,FC,79,80,82,104,30,134,26,130,204,1.3,1.03,23,25.1,14.4,2.6,45.1
John Drew,1,SF,FC,77,78,81,102,36,138,32,134,205,1.31,1.04,24.3,25.2,11,2.1,40.7
Kevin Garnett,1,PF,FC,83,84,87,113,36,149,31,144,217,1.35,1.04,22.4,25.2,17.9,6.7,58.1
Truck Robinson,1,PF,FC,78,79,84,105,31,136,27,132,225,1.33,1.06,26,25.2,17.3,2.7,48.2
Paul Arizin,1,SF,FC,76,77,78,100,34,134,30,130,190,1.3,1.01,23.1,25.3,7.9,3.5,41.1
Connie Hawkins,1,SF,FC,79,80,87,108,40,148,34,142,210,1.35,1.09,23.7,25.5,8.6,5.6,46.8
Dennis Rodman,1,PF,FC,78,79,87,106,34,140,30,136,218,1.34,1.1,25.2,25.7,15.7,0.6,42.3
Kevin Durant,1,SF,FC,81,83,89,110,34,144,26,136,215,1.33,1.07,23,25.8,11.1,1.3,39.5
Bernard King,1,SF,FC,78,79,84,107,34,141,30,137,210,1.35,1.06,24.3,25.8,13.2,2.1,43.4
Julius Erving,1,SF,FC,78,79,83,104,41,145,37,141,210,1.32,1.05,24.3,26.3,20.2,3.6,54.2
Kareem Abdul-Jabbar,1,C,FC,85,86,89,115,36,151,32,147,225,1.34,1.03,21.9,26.4,15.5,1.5,44.9
Xavier McDaniel,1,PF,FC,78,79,84,106,34,140,30,136,215,1.34,1.06,23.6,27.2,14.8,2.2,46.6
Bob Pettit,1,PF,FC,80,81,84,106,34,140,30,136,220,1.31,1.04,24.2,27.4,14.4,1.4,44.6
Tracy McGrady,1,SF,FC,77,78,86,106,40,146,36,142,210,1.36,1.1,24.9,27.5,8.7,7.7,53.8
Glenn Robinson,1,SF,FC,78,79,82,105,36,141,32,137,225,1.33,1.04,26,27.5,9.7,1.9,41.3
Terry Dischinger,1,SF,FC,78,79,83,106,32,138,28,134,189,1.34,1.05,21.8,28.3,13.7,2.7,47.8
Rick Barry,1,SF,FC,78,79,83,106,35,141,31,137,205,1.34,1.05,23.7,29.8,16.5,3.5,53.9
Wilt Chamberlain,1,C,FC,84,85,92,114,48,162,40,154,258,1.34,1.08,25.7,29.9,18.3,1.5,51.1
George McGinnis,1,PF,FC,79,80,83,105,32,137,28,133,215,1.31,1.04,24.2,30,14.7,2.8,50.7
Larry Bird,1,SF,FC,80,81,84,106,28,134,24,130,220,1.31,1.04,24.2,30.3,13.3,4.6,53.8
Elvin Hayes,1,PF,FC,80,81,84,106,34,140,30,136,235,1.31,1.04,25.8,31,17.2,1.4,50.9
Elgin Baylor,1,SF,FC,76,77,80,101,38,139,34,135,225,1.31,1.04,27.4,31.2,19.8,3.8,59.2
LeBron James,1,SF,FC,79,81,84,106,44,150,39,145,245,1.31,1.04,27.4,31.6,9.6,4.6,51.6
Spencer Haywood,1,PF,FC,79,80,85,106,36,142,32,138,230,1.33,1.06,25.9,32.2,22.1,3.4,61.5
Moses Malone,1,C,FC,81,82,86,110,35,145,30,140,215,1.34,1.05,23,36,26,1.5,64.6
